{
"App Configurations": "App Configurations",

  "App Name": "App Name",
  "Enter App Name": "Enter App Name",
  "Wordpress Url Scheme": "Wordpress Url Scheme",
  "Enter Wordpress Url Scheme": "Enter Wordpress Url Scheme",
  "For example: https": "For example: https",
  "Wordpress Url Scheme ToolTip" : "\nFor Example Your Website URL: http://propereal.booleanbites.com/houzi\nYour Wordpress Url Scheme will be 'http'\n",
  "For Example Your Website URL:" : "For Example Your Website URL:",
  "Your Wordpress Url Scheme will be": "Your Wordpress Url Scheme will be",
  "Wordpress Url Domain": "Wordpress Url Domain",
  "Enter Wordpress Url Domain" : "Enter Wordpress Url Domain",
  "For example: propereal.booleanbites.com" : "For example: propereal.booleanbites.com",
  "Wordpress Url Domain ToolTip" : "\nFor Example Your Website URL: http://propereal.booleanbites.com/houzi\nYour Wordpress Url Domain will be 'propereal.booleanbites.com'\n",
  "Wordpress Url Path" : "Wordpress Url Path",
  "Enter Wordpress Url Path" : "Enter Wordpress Url Path",
  "For example: /houzi" : "For example: /houzi",
  "Wordpress Url Path ToolTip" : "\nFor Example Your Website URL: http://propereal.booleanbites.com/houzi\nYour Wordpress Url Path will be '/houzi'\n*If your website URL does not contain path then leave it as it is.\n",
  "Terms And Conditions Url" : "Terms And Conditions Url",
  "Enter Terms And Conditions Url" : "Enter Terms And Conditions Url",
  "For example: https://houzi.booleanbites.com/terms.html" : "For example: https://houzi.booleanbites.com/terms.html",
  "Privacy Policy Url" : "Privacy Policy Url",
  "Enter Privacy Policy Url" : "Enter Privacy Policy Url",
  "For example: https://houzi.booleanbites.com/privacy.html" : "For example: https://houzi.booleanbites.com/privacy.html",
  "Terms Of Use Url" : "Terms Of Use Url",
  "Enter Terms Of Use Url" : "Enter Terms Of Use Url",
  "GDPR Agreement Url" :  "GDPR Agreement Url",
  "Enter GDPR Agreement Url" : "Enter GDPR Agreement Url",
  "Company Url": "Company Url",
  "Enter Company Url": "Enter Company Url",
  "For example: https://booleanbites.com": "For example: https://booleanbites.com",
  "Rest Api Properties Route" : "Rest Api Properties Route",
  "Enter Rest Api Properties Route" : "Enter Rest Api Properties Route",
  "For example: properties" : "For example: properties",
  "Rest Api Agent Route" : "Rest Api Agent Route",
  "Enter Rest Api Agent Route" : "Enter Rest Api Agent Route",
  "For example: agents" : "For example: agents",
  "Rest Api Agency Route" : "Rest Api Agency Route",
  "Enter Rest Api Agency Route" : "Enter Rest Api Agency Route",
  "For example: agencies" : "For example: agencies",
  "Google Maps Api Key" : "Google Maps Api Key",
  "Enter Google Maps Api Key" : "Enter Google Maps Api Key",
  "Android Native Ad Id" : "Android Native Ad Id",
  "Enter Android Native Ad Id" : "Enter Android Native Ad Id",
  "IOS Native Ad Id" : "IOS Native Ad Id",
  "Enter IOS Native Ad Id" : "Enter IOS Native Ad Id",
  "Apple Sign On Client Id" : "Apple Sign On Client Id",
  "Enter Apple Sign On Client Id" : "Enter Apple Sign On Client Id",
  "Apple Sign On Redirect Uri" : "Apple Sign On Redirect Uri",
  "Enter Apple Sign On Redirect Uri" : "Enter Apple Sign On Redirect Uri",
  "App Primary Color" : "App Primary Color",
  "Enter App Primary Color" : "Enter App Primary Color",
  "For Example: #25ADDE (Only hex value)" : "For Example: #25ADDE (Only hex value)",
  "App Secondary Color" : "App Secondary Color",
  "Enter App Secondary Color" : "Enter App Secondary Color",

  "Error! Please fill out all the required fields." : "Error! Please fill out all the required fields.",

  "Save Configurations" : "Save Configurations",

  "Copy" : "Copy",

  "Pick a color!" : "Pick a color!",

  "Done" : "Done"
}